{"cameraMode":{"drawMode":0,"name":"Shaded","section":"Shading Mode"},"sceneLighting":true,"audioPlay":false,"sceneViewState":{"m_AlwaysRefresh":false,"showFog":true,"showSkybox":true,"showFlares":true,"showImageEffects":true,"showParticleSystems":true,"showVisualEffectGraphs":true,"m_FxEnabled":true},"in2DMode":false,"pivot":{"x":0.4192711412906647,"y":3.666168689727783,"z":0.8253712058067322},"rotation":{"x":0.05308948829770088,"y":-0.6758802533149719,"z":0.04902027174830437,"w":0.7336719036102295},"size":9.522100448608399,"orthographic":false}